Card Id,Card Name,From Board Id,From Board Name,From List Id,From List Name,To Board Id,To Board Name,To List Id,To List Name,Timestamp,Remarks
678448607c0c3cb9238a625a,hello!,6784485a4eab4508877d9714,Test-Board,6784485a4eab4508877d971b,To Do,,,,,2025-01-12T22:55:28.590Z,Created Card
67844b02fa3c9cc53e3bfc84,sample,6784485a4eab4508877d9714,Test-Board,6784485a4eab4508877d971b,To Do,,,,,2025-01-12T23:06:42.106Z,Created Card
678448607c0c3cb9238a625a,hello!,6784485a4eab4508877d9714,Test-Board,6784485a4eab4508877d971b,To Do,6784485a4eab4508877d9714,Test-Board,6784485a4eab4508877d971b,To Do,2025-01-12T23:11:38.096Z,Move Card Board
678448607c0c3cb9238a625a,hello!,6784485a4eab4508877d9714,Test-Board,6784485a4eab4508877d971b,To Do,6784485a4eab4508877d9714,Test-Board,6784485a4eab4508877d971b,To Do,2025-01-12T23:15:32.231Z,Move Card Board
67844b02fa3c9cc53e3bfc84,sample,6784485a4eab4508877d9714,Test-Board,6784485a4eab4508877d971b,To Do,6784485a4eab4508877d9714,Test-Board,6784485a4eab4508877d971c,Doing,2025-01-18T03:43:44.339Z,Update Card
67844b02fa3c9cc53e3bfc84,sample,6784485a4eab4508877d9714,Test-Board,6784485a4eab4508877d971c,Doing,6784485a4eab4508877d9714,Test-Board,6784485a4eab4508877d971d,Done,2025-01-18T03:45:57.315Z,Update Card
67844b02fa3c9cc53e3bfc84,sample,6784485a4eab4508877d9714,Test-Board,6784485a4eab4508877d971d,Done,6784485a4eab4508877d9714,Test-Board,6784485a4eab4508877d971c,Doing,2025-01-18T03:45:58.354Z,Update Card
678448607c0c3cb9238a625a,hello!,6784485a4eab4508877d9714,Test-Board,6784485a4eab4508877d971b,To Do,6784485a4eab4508877d9714,Test-Board,6784485a4eab4508877d971c,Doing,2025-01-18T03:45:59.309Z,Update Card
678448607c0c3cb9238a625a,hello!,6784485a4eab4508877d9714,Test-Board,6784485a4eab4508877d971c,Doing,6784485a4eab4508877d9714,Test-Board,6784485a4eab4508877d971d,Done,2025-01-18T08:38:31.838Z,Update Card
678448607c0c3cb9238a625a,hello!,6784485a4eab4508877d9714,Test-Board,6784485a4eab4508877d971d,Done,6784485a4eab4508877d9714,Test-Board,6784485a4eab4508877d971c,Doing,2025-01-18T08:38:50.704Z,Update Card
67844b02fa3c9cc53e3bfc84,sample,6784485a4eab4508877d9714,Test-Board,6784485a4eab4508877d971c,Doing,6784485a4eab4508877d9714,Test-Board,6784485a4eab4508877d971d,Done,2025-01-18T08:44:47.509Z,Update Card
67844b02fa3c9cc53e3bfc84,sample,6784485a4eab4508877d9714,Test-Board,6784485a4eab4508877d971d,Done,6784485a4eab4508877d9714,Test-Board,6784485a4eab4508877d971c,Doing,2025-01-18T08:49:47.099Z,Update Card
67844b02fa3c9cc53e3bfc84,sample,6784485a4eab4508877d9714,Test-Board,6784485a4eab4508877d971c,Doing,6784485a4eab4508877d9714,Test-Board,6784485a4eab4508877d971d,Done,2025-01-18T08:50:07.986Z,Update Card
678448607c0c3cb9238a625a,hello!,6784485a4eab4508877d9714,Test-Board,6784485a4eab4508877d971c,Doing,6784485a4eab4508877d9714,Test-Board,6784485a4eab4508877d971d,Done,2025-01-18T08:54:14.435Z,Update Card
67844b02fa3c9cc53e3bfc84,sample,6784485a4eab4508877d9714,Test-Board,6784485a4eab4508877d971d,Done,6784485a4eab4508877d9714,Test-Board,6784485a4eab4508877d971b,To Do,2025-01-18T08:59:10.009Z,Update Card
67844b02fa3c9cc53e3bfc84,sample,6784485a4eab4508877d9714,Test-Board,6784485a4eab4508877d971b,To Do,6784485a4eab4508877d9714,Test-Board,6784485a4eab4508877d971c,Doing,2025-01-18T09:01:43.875Z,Update Card
678448607c0c3cb9238a625a,hello!,6784485a4eab4508877d9714,Test-Board,6784485a4eab4508877d971d,Done,6784485a4eab4508877d9714,Test-Board,6784485a4eab4508877d971b,To Do,2025-01-18T10:16:58.752Z,Update Card
67844b02fa3c9cc53e3bfc84,sample,6784485a4eab4508877d9714,Test-Board,6784485a4eab4508877d971c,Doing,6784485a4eab4508877d9714,Test-Board,6784485a4eab4508877d971b,To Do,2025-01-18T10:17:28.366Z,Update Card
678448607c0c3cb9238a625a,hello!,6784485a4eab4508877d9714,Test-Board,6784485a4eab4508877d971b,To Do,6784485a4eab4508877d9714,Test-Board,6784485a4eab4508877d971c,Doing,2025-01-18T10:18:32.902Z,Update Card
67844b02fa3c9cc53e3bfc84,sample,6784485a4eab4508877d9714,Test-Board,6784485a4eab4508877d971b,To Do,6784485a4eab4508877d9714,Test-Board,6784485a4eab4508877d971c,Doing,2025-01-18T10:18:38.057Z,Update Card
6797968575283a40c8c13a7c,hI!,6784485a4eab4508877d9714,Test-Board,6784485a4eab4508877d971b,To Do,,,,,2025-01-27T14:21:57.711Z,Created Card
6797968575283a40c8c13a7c,hI!,6784485a4eab4508877d9714,Test-Board,6784485a4eab4508877d971b,To Do,6784485a4eab4508877d9714,Test-Board,6784485a4eab4508877d971b,To Do,2025-01-27T14:59:34.832Z,Move Card Board
6797968575283a40c8c13a7c,hI!,6784485a4eab4508877d9714,Test-Board,6784485a4eab4508877d971b,To Do,6784485a4eab4508877d9714,Test-Board,6784485a4eab4508877d971d,Done,2025-01-27T15:04:09.457Z,Update Card
6797968575283a40c8c13a7c,hI!,6784485a4eab4508877d9714,Test-Board,6784485a4eab4508877d971d,Done,6784485a4eab4508877d9714,Test-Board,6784485a4eab4508877d971b,To Do,2025-01-27T15:05:13.719Z,Move Card Board
6797968575283a40c8c13a7c,hI!,6784485a4eab4508877d9714,Test-Board,6784485a4eab4508877d971b,To Do,6784485a4eab4508877d9714,Test-Board,6784485a4eab4508877d971c,Doing,2025-01-27T15:08:42.474Z,Update Card
679918cf30bbdd551934edbb,This is another board,67979f362bf491a59f33059c,Another Board,67979f51078ee776e4bb7127,Doing,,,,,2025-01-28T17:50:07.726Z,Created Card
67991aea0e90a810c227cd11,Hi Board,67979f362bf491a59f33059c,Another Board,67979f51078ee776e4bb7127,Doing,,,,,2025-01-28T17:59:06.307Z,Created Card
67991aea0e90a810c227cd11,Hi Board,67979f362bf491a59f33059c,Another Board,67979f51078ee776e4bb7127,Doing,67979f362bf491a59f33059c,Another Board,6797a0afc369442dc90eedd6,DONE,2025-01-28T17:59:29.280Z,Update Card
